,count_words,noun_phase_count,spelling_quality_score,ease_of_reading_score
count,2479.0,2479.0,2479.0,2479.0
mean,217.83824122630094,92.84509883017346,0.9351863607834491,48.84572408229124
std,230.86692963445958,96.38433733462371,0.040635856482581285,21.901487545118297
min,20.0,8.0,0.6944444444444444,-48.97
25%,72.0,32.0,0.9145075401619904,37.6
50%,135.0,56.0,0.9436008676789588,52.56
75%,259.0,116.0,0.9645319852769882,64.81
max,1876.0,905.0,0.9965576592082617,96.18
